source_root,velocity_mode,protocol,policy,alpha,selected_fault_joint_index,joint_name,mean_abs_vx_error_post_fault,p90_abs_vx_error_post_fault,torso_height_failure_rate,timeout_rate,post_fault_sample_count,post_fault_alive_sample_fraction,post_fault_done_sample_rate
papers/conference/results/t17_multijoint_closed_loop_eval_a2h_a5_alpha_sweep_seed0,command_random,late_random,a2_history,,0,front_left_leg,0.4698661177169703,0.9693739414215087,,,7774,0.998970929,0.00102907126
papers/conference/results/t17_multijoint_closed_loop_eval_a2h_a5_alpha_sweep_seed0,command_random,late_random,a2_history,,1,front_right_leg,0.31029884877116776,0.6044095993041994,,,5763,0.99774423,0.00225576956
papers/conference/results/t17_multijoint_closed_loop_eval_a2h_a5_alpha_sweep_seed0,command_random,late_random,a2_history,,2,left_back_leg,0.4815066861116376,1.1662797927856445,,,7457,0.997988467,0.00201153279
papers/conference/results/t17_multijoint_closed_loop_eval_a2h_a5_alpha_sweep_seed0,command_random,late_random,a2_history,,3,right_back_leg,0.5557803098770903,1.3640929460525513,,,6839,0.997806697,0.00219330311
papers/conference/results/t17_multijoint_closed_loop_eval_a2h_a5_alpha_sweep_seed0,command_random,late_random,a2_history,,4,front_left_foot,0.39884278875983387,0.8851336121559141,,,7594,0.996444561,0.0035554385
papers/conference/results/t17_multijoint_closed_loop_eval_a2h_a5_alpha_sweep_seed0,command_random,late_random,a2_history,,5,front_right_foot,0.3487533735964399,0.7216002225875855,,,11243,0.998932669,0.00106733078
papers/conference/results/t17_multijoint_closed_loop_eval_a2h_a5_alpha_sweep_seed0,command_random,late_random,a2_history,,6,left_back_foot,0.3676208154395272,0.7648015737533571,,,9130,0.999014239,0.000985761227
papers/conference/results/t17_multijoint_closed_loop_eval_a2h_a5_alpha_sweep_seed0,command_random,late_random,a2_history,,7,right_back_foot,0.5585656154134018,1.1638037919998168,,,6039,0.997516145,0.00248385494
papers/conference/results/t17_multijoint_closed_loop_eval_a2h_a5_alpha_sweep_seed0,command_random,late_random,a5,0.25,0,front_left_leg,0.3591381186710523,0.7274921298027037,,,7829,0.997828586,0.00217141397
papers/conference/results/t17_multijoint_closed_loop_eval_a2h_a5_alpha_sweep_seed0,command_random,late_random,a5,0.25,1,front_right_leg,0.32218952889779057,0.7273653149604797,,,5985,0.997493734,0.00250626566
papers/conference/results/t17_multijoint_closed_loop_eval_a2h_a5_alpha_sweep_seed0,command_random,late_random,a5,0.25,2,left_back_leg,0.4251719775402434,1.00997234582901,,,7460,0.997587131,0.00241286863
papers/conference/results/t17_multijoint_closed_loop_eval_a2h_a5_alpha_sweep_seed0,command_random,late_random,a5,0.25,3,right_back_leg,0.382545672204941,0.839346170425415,,,6856,0.997812135,0.00218786464
papers/conference/results/t17_multijoint_closed_loop_eval_a2h_a5_alpha_sweep_seed0,command_random,late_random,a5,0.25,4,front_left_foot,0.3375830318566034,0.669433093070984,,,7583,0.998549387,0.00145061321
papers/conference/results/t17_multijoint_closed_loop_eval_a2h_a5_alpha_sweep_seed0,command_random,late_random,a5,0.25,5,front_right_foot,0.3156599941261515,0.6927343249320981,,,11917,0.998321725,0.00167827473
papers/conference/results/t17_multijoint_closed_loop_eval_a2h_a5_alpha_sweep_seed0,command_random,late_random,a5,0.25,6,left_back_foot,0.25683758393176653,0.4769818484783173,,,8338,0.99916047,0.000839529863
papers/conference/results/t17_multijoint_closed_loop_eval_a2h_a5_alpha_sweep_seed0,command_random,late_random,a5,0.25,7,right_back_foot,0.3466032051396229,0.8080229341983796,,,5758,0.998089614,0.00191038555
papers/conference/results/t17_multijoint_closed_loop_eval_a2h_a5_alpha_sweep_seed0,command_random,late_random,a5,0.5,0,front_left_leg,0.2490902567476539,0.5840149939060214,,,8382,0.998210451,0.00178954903
papers/conference/results/t17_multijoint_closed_loop_eval_a2h_a5_alpha_sweep_seed0,command_random,late_random,a5,0.5,1,front_right_leg,0.26790868480764923,0.6907499730587006,,,6374,0.998431126,0.00156887355
papers/conference/results/t17_multijoint_closed_loop_eval_a2h_a5_alpha_sweep_seed0,command_random,late_random,a5,0.5,2,left_back_leg,0.3804241202170764,1.0427602291107179,,,7799,0.997435569,0.00256443134
papers/conference/results/t17_multijoint_closed_loop_eval_a2h_a5_alpha_sweep_seed0,command_random,late_random,a5,0.5,3,right_back_leg,0.3082654549117335,0.6744495630264282,,,6855,0.998103574,0.00189642597
papers/conference/results/t17_multijoint_closed_loop_eval_a2h_a5_alpha_sweep_seed0,command_random,late_random,a5,0.5,4,front_left_foot,0.26781077393906977,0.614391082525253,,,6454,0.998295631,0.00170436938
papers/conference/results/t17_multijoint_closed_loop_eval_a2h_a5_alpha_sweep_seed0,command_random,late_random,a5,0.5,5,front_right_foot,0.3119417378621089,0.665641474723816,,,10758,0.998512735,0.00148726529
papers/conference/results/t17_multijoint_closed_loop_eval_a2h_a5_alpha_sweep_seed0,command_random,late_random,a5,0.5,6,left_back_foot,0.23669509141129816,0.49311361610889426,,,9292,0.998708567,0.00129143349
papers/conference/results/t17_multijoint_closed_loop_eval_a2h_a5_alpha_sweep_seed0,command_random,late_random,a5,0.5,7,right_back_foot,0.29906647976370876,0.6556556224822998,,,5763,0.997223668,0.00277633177
papers/conference/results/t17_multijoint_closed_loop_eval_a2h_a5_alpha_sweep_seed0,command_random,late_random,a5,1,0,front_left_leg,0.23318300126631986,0.5429570078849792,,,8029,0.997259933,0.00274006726
papers/conference/results/t17_multijoint_closed_loop_eval_a2h_a5_alpha_sweep_seed0,command_random,late_random,a5,1,1,front_right_leg,0.26096085252224904,0.7575988113880158,,,6050,0.998016529,0.00198347107
papers/conference/results/t17_multijoint_closed_loop_eval_a2h_a5_alpha_sweep_seed0,command_random,late_random,a5,1,2,left_back_leg,0.2694234220336168,0.6260547876358036,,,7785,0.997687861,0.00231213873
papers/conference/results/t17_multijoint_closed_loop_eval_a2h_a5_alpha_sweep_seed0,command_random,late_random,a5,1,3,right_back_leg,0.4191055616736847,1.23946533203125,,,6857,0.998104127,0.00189587283
papers/conference/results/t17_multijoint_closed_loop_eval_a2h_a5_alpha_sweep_seed0,command_random,late_random,a5,1,4,front_left_foot,0.4964340169401154,1.0649629831314091,,,6455,0.998140976,0.00185902401
papers/conference/results/t17_multijoint_closed_loop_eval_a2h_a5_alpha_sweep_seed0,command_random,late_random,a5,1,5,front_right_foot,0.39141495905981094,0.8231297433376322,,,10958,0.99890491,0.00109509034
papers/conference/results/t17_multijoint_closed_loop_eval_a2h_a5_alpha_sweep_seed0,command_random,late_random,a5,1,6,left_back_foot,0.27285952444465433,0.6307238638401031,,,9806,0.999082195,0.000917805425
papers/conference/results/t17_multijoint_closed_loop_eval_a2h_a5_alpha_sweep_seed0,command_random,late_random,a5,1,7,right_back_foot,0.21847949064550518,0.5028199791908264,,,5763,0.997223668,0.00277633177
papers/conference/results/t17_multijoint_closed_loop_eval_a2h_a5_alpha_sweep_seed0,command_random,realistic_random,a2_history,,0,front_left_leg,0.4241378357886487,0.928245335817337,,,8246,0.997089498,0.00291050206
papers/conference/results/t17_multijoint_closed_loop_eval_a2h_a5_alpha_sweep_seed0,command_random,realistic_random,a2_history,,1,front_right_leg,0.4047323952548567,0.8274299383163453,,,6457,0.99783181,0.00216818956
papers/conference/results/t17_multijoint_closed_loop_eval_a2h_a5_alpha_sweep_seed0,command_random,realistic_random,a2_history,,2,left_back_leg,0.3924313017741145,0.9827882051467893,,,9607,0.999063183,0.000936816904
papers/conference/results/t17_multijoint_closed_loop_eval_a2h_a5_alpha_sweep_seed0,command_random,realistic_random,a2_history,,3,right_back_leg,0.5042150665517195,1.2690984129905707,,,8080,0.99789604,0.0021039604
papers/conference/results/t17_multijoint_closed_loop_eval_a2h_a5_alpha_sweep_seed0,command_random,realistic_random,a2_history,,4,front_left_foot,0.385017989895312,0.7837272644042969,,,9222,0.999240946,0.000759054435
papers/conference/results/t17_multijoint_closed_loop_eval_a2h_a5_alpha_sweep_seed0,command_random,realistic_random,a2_history,,5,front_right_foot,0.38183269803438724,0.7442516982555389,,,11964,0.998829823,0.0011701772
papers/conference/results/t17_multijoint_closed_loop_eval_a2h_a5_alpha_sweep_seed0,command_random,realistic_random,a2_history,,6,left_back_foot,0.389476425446189,0.8505896449089052,,,11618,0.99896712,0.00103288001
papers/conference/results/t17_multijoint_closed_loop_eval_a2h_a5_alpha_sweep_seed0,command_random,realistic_random,a2_history,,7,right_back_foot,0.5402121030105597,1.1324382662773131,,,6604,0.997425803,0.00257419746
papers/conference/results/t17_multijoint_closed_loop_eval_a2h_a5_alpha_sweep_seed0,command_random,realistic_random,a5,0.25,0,front_left_leg,0.35668834983212716,0.8316414654254913,,,8286,0.997827661,0.00217233888
papers/conference/results/t17_multijoint_closed_loop_eval_a2h_a5_alpha_sweep_seed0,command_random,realistic_random,a5,0.25,1,front_right_leg,0.29347711457647774,0.6865258812904358,,,6983,0.997708721,0.00229127882
papers/conference/results/t17_multijoint_closed_loop_eval_a2h_a5_alpha_sweep_seed0,command_random,realistic_random,a5,0.25,2,left_back_leg,0.41564142596776193,0.9961187541484833,,,9616,0.99812812,0.0018718802
papers/conference/results/t17_multijoint_closed_loop_eval_a2h_a5_alpha_sweep_seed0,command_random,realistic_random,a5,0.25,3,right_back_leg,0.358731631295443,0.8157703101634979,,,8094,0.998270324,0.0017296763
papers/conference/results/t17_multijoint_closed_loop_eval_a2h_a5_alpha_sweep_seed0,command_random,realistic_random,a5,0.25,4,front_left_foot,0.42379112364107835,0.8183099031448364,,,9231,0.998808363,0.00119163688
papers/conference/results/t17_multijoint_closed_loop_eval_a2h_a5_alpha_sweep_seed0,command_random,realistic_random,a5,0.25,5,front_right_foot,0.31673793055458005,0.7267945706844331,,,12240,0.998447712,0.00155228758
papers/conference/results/t17_multijoint_closed_loop_eval_a2h_a5_alpha_sweep_seed0,command_random,realistic_random,a5,0.25,6,left_back_foot,0.260255467298081,0.6362771987915039,,,10651,0.999342785,0.000657215285
papers/conference/results/t17_multijoint_closed_loop_eval_a2h_a5_alpha_sweep_seed0,command_random,realistic_random,a5,0.25,7,right_back_foot,0.3185288745094303,0.6879737377166749,,,5828,0.99811256,0.00188743995
papers/conference/results/t17_multijoint_closed_loop_eval_a2h_a5_alpha_sweep_seed0,command_random,realistic_random,a5,0.5,0,front_left_leg,0.23619272423768023,0.5709739446640015,,,8988,0.998331108,0.00166889186
papers/conference/results/t17_multijoint_closed_loop_eval_a2h_a5_alpha_sweep_seed0,command_random,realistic_random,a5,0.5,1,front_right_leg,0.298085263313912,0.6419192612171172,,,7534,0.998009026,0.00199097425
papers/conference/results/t17_multijoint_closed_loop_eval_a2h_a5_alpha_sweep_seed0,command_random,realistic_random,a5,0.5,2,left_back_leg,0.36525305507485384,1.005078101158142,,,9949,0.998693336,0.00130666399
papers/conference/results/t17_multijoint_closed_loop_eval_a2h_a5_alpha_sweep_seed0,command_random,realistic_random,a5,0.5,3,right_back_leg,0.2953611025905568,0.6058405041694641,,,8091,0.998764059,0.00123594117
papers/conference/results/t17_multijoint_closed_loop_eval_a2h_a5_alpha_sweep_seed0,command_random,realistic_random,a5,0.5,4,front_left_foot,0.3304933991066859,0.6818443775177001,,,7784,0.997687564,0.00231243577
papers/conference/results/t17_multijoint_closed_loop_eval_a2h_a5_alpha_sweep_seed0,command_random,realistic_random,a5,0.5,5,front_right_foot,0.3237537413599808,0.7123006701469423,,,11695,0.99897392,0.00102607952
papers/conference/results/t17_multijoint_closed_loop_eval_a2h_a5_alpha_sweep_seed0,command_random,realistic_random,a5,0.5,6,left_back_foot,0.2305488012399213,0.4392445683479309,,,10956,0.998995984,0.00100401606
papers/conference/results/t17_multijoint_closed_loop_eval_a2h_a5_alpha_sweep_seed0,command_random,realistic_random,a5,0.5,7,right_back_foot,0.25101635834384733,0.47241319715976715,,,5836,0.996744345,0.00325565456
papers/conference/results/t17_multijoint_closed_loop_eval_a2h_a5_alpha_sweep_seed0,command_random,realistic_random,a5,1,0,front_left_leg,0.20993928648347882,0.5249033570289612,,,8321,0.997956976,0.00204302368
papers/conference/results/t17_multijoint_closed_loop_eval_a2h_a5_alpha_sweep_seed0,command_random,realistic_random,a5,1,1,front_right_leg,0.23558476692589442,0.5579310655593872,,,7051,0.997730818,0.00226918168
papers/conference/results/t17_multijoint_closed_loop_eval_a2h_a5_alpha_sweep_seed0,command_random,realistic_random,a5,1,2,left_back_leg,0.2646994995815739,0.6051839590072632,,,9941,0.99828991,0.00171008953
papers/conference/results/t17_multijoint_closed_loop_eval_a2h_a5_alpha_sweep_seed0,command_random,realistic_random,a5,1,3,right_back_leg,0.3899236802358759,0.873880821466446,,,8094,0.998640969,0.00135903138
papers/conference/results/t17_multijoint_closed_loop_eval_a2h_a5_alpha_sweep_seed0,command_random,realistic_random,a5,1,4,front_left_foot,0.47390497958561345,1.117663013935089,,,7784,0.997687564,0.00231243577
papers/conference/results/t17_multijoint_closed_loop_eval_a2h_a5_alpha_sweep_seed0,command_random,realistic_random,a5,1,5,front_right_foot,0.32131226613406383,0.6963641643524179,,,11963,0.999414862,0.000585137507
papers/conference/results/t17_multijoint_closed_loop_eval_a2h_a5_alpha_sweep_seed0,command_random,realistic_random,a5,1,6,left_back_foot,0.302954840656009,0.6673701345920563,,,12034,0.998753532,0.00124646834
papers/conference/results/t17_multijoint_closed_loop_eval_a2h_a5_alpha_sweep_seed0,command_random,realistic_random,a5,1,7,right_back_foot,0.2397675267546909,0.5958637952804577,,,5830,0.997770154,0.00222984563
papers/conference/results/t17_multijoint_closed_loop_eval_a2h_a5_alpha_sweep_fixed_vx1_seed0,fixed_vx_1p0,late_random,a2_history,,0,front_left_leg,0.42540192347319566,0.7909181892871856,,,8404,0.998215136,0.00178486435
papers/conference/results/t17_multijoint_closed_loop_eval_a2h_a5_alpha_sweep_fixed_vx1_seed0,fixed_vx_1p0,late_random,a2_history,,1,front_right_leg,0.3906284202242372,0.8799307882785798,,,5628,0.99822317,0.00177683014
papers/conference/results/t17_multijoint_closed_loop_eval_a2h_a5_alpha_sweep_fixed_vx1_seed0,fixed_vx_1p0,late_random,a2_history,,2,left_back_leg,0.6276484003575993,1.3335219502449036,,,7804,0.997437212,0.00256278831
papers/conference/results/t17_multijoint_closed_loop_eval_a2h_a5_alpha_sweep_fixed_vx1_seed0,fixed_vx_1p0,late_random,a2_history,,3,right_back_leg,0.6921280414757287,1.3992719650268555,,,6855,0.997957695,0.00204230489
papers/conference/results/t17_multijoint_closed_loop_eval_a2h_a5_alpha_sweep_fixed_vx1_seed0,fixed_vx_1p0,late_random,a2_history,,4,front_left_foot,0.8583726460121163,1.161222290992737,,,6878,0.998400698,0.00159930212
papers/conference/results/t17_multijoint_closed_loop_eval_a2h_a5_alpha_sweep_fixed_vx1_seed0,fixed_vx_1p0,late_random,a2_history,,5,front_right_foot,0.23904288755361475,0.5880923807621008,,,11328,0.998587571,0.00141242938
papers/conference/results/t17_multijoint_closed_loop_eval_a2h_a5_alpha_sweep_fixed_vx1_seed0,fixed_vx_1p0,late_random,a2_history,,6,left_back_foot,0.40790549636592527,0.9160797238349915,,,9295,0.998708983,0.00129101668
papers/conference/results/t17_multijoint_closed_loop_eval_a2h_a5_alpha_sweep_fixed_vx1_seed0,fixed_vx_1p0,late_random,a2_history,,7,right_back_foot,1.3186562446232786,3.7514060974121133,,,5765,0.997224631,0.0027753686
papers/conference/results/t17_multijoint_closed_loop_eval_a2h_a5_alpha_sweep_fixed_vx1_seed0,fixed_vx_1p0,late_random,a5,0.25,0,front_left_leg,0.2837670674429395,0.6179304540157319,,,8418,0.99845569,0.00154430981
papers/conference/results/t17_multijoint_closed_loop_eval_a2h_a5_alpha_sweep_fixed_vx1_seed0,fixed_vx_1p0,late_random,a5,0.25,1,front_right_leg,0.21998105933684842,0.47424671053886414,,,5636,0.997338538,0.00266146203
papers/conference/results/t17_multijoint_closed_loop_eval_a2h_a5_alpha_sweep_fixed_vx1_seed0,fixed_vx_1p0,late_random,a5,0.25,2,left_back_leg,0.39288424802275174,0.7831146717071533,,,7811,0.99859173,0.00140827039
papers/conference/results/t17_multijoint_closed_loop_eval_a2h_a5_alpha_sweep_fixed_vx1_seed0,fixed_vx_1p0,late_random,a5,0.25,3,right_back_leg,0.5306782942119566,1.056524109840393,,,6852,0.998394629,0.00160537069
papers/conference/results/t17_multijoint_closed_loop_eval_a2h_a5_alpha_sweep_fixed_vx1_seed0,fixed_vx_1p0,late_random,a5,0.25,4,front_left_foot,0.813415734820264,1.1338865041732789,,,6877,0.998545878,0.00145412244
papers/conference/results/t17_multijoint_closed_loop_eval_a2h_a5_alpha_sweep_fixed_vx1_seed0,fixed_vx_1p0,late_random,a5,0.25,5,front_right_foot,0.18148100839394013,0.3807400822639466,,,11348,0.998237575,0.0017624251
papers/conference/results/t17_multijoint_closed_loop_eval_a2h_a5_alpha_sweep_fixed_vx1_seed0,fixed_vx_1p0,late_random,a5,0.25,6,left_back_foot,0.26933368708569116,0.5156309485435484,,,9302,0.997849925,0.00215007525
papers/conference/results/t17_multijoint_closed_loop_eval_a2h_a5_alpha_sweep_fixed_vx1_seed0,fixed_vx_1p0,late_random,a5,0.25,7,right_back_foot,0.8555618336075753,2.7243898630142214,,,5762,0.997743839,0.00225616106
papers/conference/results/t17_multijoint_closed_loop_eval_a2h_a5_alpha_sweep_fixed_vx1_seed0,fixed_vx_1p0,late_random,a5,0.5,0,front_left_leg,0.1498923388798991,0.3126665115356445,,,7849,0.997197095,0.00280290483
papers/conference/results/t17_multijoint_closed_loop_eval_a2h_a5_alpha_sweep_fixed_vx1_seed0,fixed_vx_1p0,late_random,a5,0.5,1,front_right_leg,0.16847157156826234,0.3391825973987579,,,5914,0.997125465,0.002874535
papers/conference/results/t17_multijoint_closed_loop_eval_a2h_a5_alpha_sweep_fixed_vx1_seed0,fixed_vx_1p0,late_random,a5,0.5,2,left_back_leg,0.23262036483218082,0.6031546294689178,,,7454,0.998792595,0.00120740542
papers/conference/results/t17_multijoint_closed_loop_eval_a2h_a5_alpha_sweep_fixed_vx1_seed0,fixed_vx_1p0,late_random,a5,0.5,3,right_back_leg,0.40197402373619273,0.9044020295143128,,,6855,0.997957695,0.00204230489
papers/conference/results/t17_multijoint_closed_loop_eval_a2h_a5_alpha_sweep_fixed_vx1_seed0,fixed_vx_1p0,late_random,a5,0.5,4,front_left_foot,0.808993488913946,1.1174252271652223,,,6882,0.997820401,0.00217959895
papers/conference/results/t17_multijoint_closed_loop_eval_a2h_a5_alpha_sweep_fixed_vx1_seed0,fixed_vx_1p0,late_random,a5,0.5,5,front_right_foot,0.16937308386099242,0.37359080314636217,,,11372,0.998768906,0.00123109391
papers/conference/results/t17_multijoint_closed_loop_eval_a2h_a5_alpha_sweep_fixed_vx1_seed0,fixed_vx_1p0,late_random,a5,0.5,6,left_back_foot,0.27025766274315943,0.8084717273712159,,,9259,0.99891997,0.00108003024
papers/conference/results/t17_multijoint_closed_loop_eval_a2h_a5_alpha_sweep_fixed_vx1_seed0,fixed_vx_1p0,late_random,a5,0.5,7,right_back_foot,0.9015997049527359,2.935765409469605,,,6038,0.997846969,0.0021530308
papers/conference/results/t17_multijoint_closed_loop_eval_a2h_a5_alpha_sweep_fixed_vx1_seed0,fixed_vx_1p0,late_random,a5,1,0,front_left_leg,0.10768365751876276,0.21128952503204346,,,7829,0.997317665,0.00268233491
papers/conference/results/t17_multijoint_closed_loop_eval_a2h_a5_alpha_sweep_fixed_vx1_seed0,fixed_vx_1p0,late_random,a5,1,1,front_right_leg,0.1446748427768984,0.30596748590469364,,,5607,0.997859818,0.00214018192
papers/conference/results/t17_multijoint_closed_loop_eval_a2h_a5_alpha_sweep_fixed_vx1_seed0,fixed_vx_1p0,late_random,a5,1,2,left_back_leg,0.14141335507407327,0.3329411149024966,,,7792,0.997561602,0.00243839836
papers/conference/results/t17_multijoint_closed_loop_eval_a2h_a5_alpha_sweep_fixed_vx1_seed0,fixed_vx_1p0,late_random,a5,1,3,right_back_leg,0.15222545557122394,0.35141751170158386,,,6846,0.998101081,0.00189891908
papers/conference/results/t17_multijoint_closed_loop_eval_a2h_a5_alpha_sweep_fixed_vx1_seed0,fixed_vx_1p0,late_random,a5,1,4,front_left_foot,0.5341333657547327,1.0015983104705812,,,7417,0.998382095,0.00161790481
papers/conference/results/t17_multijoint_closed_loop_eval_a2h_a5_alpha_sweep_fixed_vx1_seed0,fixed_vx_1p0,late_random,a5,1,5,front_right_foot,0.3019419382257889,0.7288095951080323,,,10754,0.998884136,0.00111586386
papers/conference/results/t17_multijoint_closed_loop_eval_a2h_a5_alpha_sweep_fixed_vx1_seed0,fixed_vx_1p0,late_random,a5,1,6,left_back_foot,0.2627388135445352,0.4719633996486667,,,9258,0.999027868,0.00097213221
papers/conference/results/t17_multijoint_closed_loop_eval_a2h_a5_alpha_sweep_fixed_vx1_seed0,fixed_vx_1p0,late_random,a5,1,7,right_back_foot,0.5481377715014821,1.7999395847320556,,,5983,0.997325756,0.00267424369
papers/conference/results/t17_multijoint_closed_loop_eval_a2h_a5_alpha_sweep_fixed_vx1_seed0,fixed_vx_1p0,realistic_random,a2_history,,0,front_left_leg,0.35555925812493683,0.7287384152412415,,,9010,0.998335183,0.00166481687
papers/conference/results/t17_multijoint_closed_loop_eval_a2h_a5_alpha_sweep_fixed_vx1_seed0,fixed_vx_1p0,realistic_random,a2_history,,1,front_right_leg,0.29505039293434104,0.5986607909202576,,,6278,0.998407136,0.00159286397
papers/conference/results/t17_multijoint_closed_loop_eval_a2h_a5_alpha_sweep_fixed_vx1_seed0,fixed_vx_1p0,realistic_random,a2_history,,2,left_back_leg,0.4943163359085009,0.9150087833404541,,,9961,0.997992169,0.00200783054
papers/conference/results/t17_multijoint_closed_loop_eval_a2h_a5_alpha_sweep_fixed_vx1_seed0,fixed_vx_1p0,realistic_random,a2_history,,3,right_back_leg,0.6571634426171732,1.4339775919914244,,,8094,0.998270324,0.0017296763
papers/conference/results/t17_multijoint_closed_loop_eval_a2h_a5_alpha_sweep_fixed_vx1_seed0,fixed_vx_1p0,realistic_random,a2_history,,4,front_left_foot,0.779106416940689,1.0756022691726685,,,8500,0.998705882,0.00129411765
papers/conference/results/t17_multijoint_closed_loop_eval_a2h_a5_alpha_sweep_fixed_vx1_seed0,fixed_vx_1p0,realistic_random,a2_history,,5,front_right_foot,0.24584386169974518,0.6080429553985596,,,12091,0.998676702,0.00132329832
papers/conference/results/t17_multijoint_closed_loop_eval_a2h_a5_alpha_sweep_fixed_vx1_seed0,fixed_vx_1p0,realistic_random,a2_history,,6,left_back_foot,0.3269228943038665,0.7291000604629518,,,11314,0.998939367,0.00106063284
papers/conference/results/t17_multijoint_closed_loop_eval_a2h_a5_alpha_sweep_fixed_vx1_seed0,fixed_vx_1p0,realistic_random,a2_history,,7,right_back_foot,1.6408209899193014,4.208910751342773,,,5835,0.997257926,0.00274207369
papers/conference/results/t17_multijoint_closed_loop_eval_a2h_a5_alpha_sweep_fixed_vx1_seed0,fixed_vx_1p0,realistic_random,a5,0.25,0,front_left_leg,0.2415495306676161,0.5074472725391388,,,9024,0.998559397,0.00144060284
papers/conference/results/t17_multijoint_closed_loop_eval_a2h_a5_alpha_sweep_fixed_vx1_seed0,fixed_vx_1p0,realistic_random,a5,0.25,1,front_right_leg,0.2643088747978666,0.5756568908691406,,,6286,0.997613745,0.00238625517
papers/conference/results/t17_multijoint_closed_loop_eval_a2h_a5_alpha_sweep_fixed_vx1_seed0,fixed_vx_1p0,realistic_random,a5,0.25,2,left_back_leg,0.4771588668406584,1.1972613930702212,,,9968,0.998896469,0.0011035313
papers/conference/results/t17_multijoint_closed_loop_eval_a2h_a5_alpha_sweep_fixed_vx1_seed0,fixed_vx_1p0,realistic_random,a5,0.25,3,right_back_leg,0.5243889656147634,1.1649318933486938,,,8091,0.998640465,0.00135953529
papers/conference/results/t17_multijoint_closed_loop_eval_a2h_a5_alpha_sweep_fixed_vx1_seed0,fixed_vx_1p0,realistic_random,a5,0.25,4,front_left_foot,0.6634808092387176,1.0161392211914062,,,8499,0.998823391,0.00117660901
papers/conference/results/t17_multijoint_closed_loop_eval_a2h_a5_alpha_sweep_fixed_vx1_seed0,fixed_vx_1p0,realistic_random,a5,0.25,5,front_right_foot,0.21440073655895137,0.5136245489120483,,,11851,0.998312379,0.0016876213
papers/conference/results/t17_multijoint_closed_loop_eval_a2h_a5_alpha_sweep_fixed_vx1_seed0,fixed_vx_1p0,realistic_random,a5,0.25,6,left_back_foot,0.2656332267414248,0.5253307819366455,,,11321,0.998233372,0.00176662839
papers/conference/results/t17_multijoint_closed_loop_eval_a2h_a5_alpha_sweep_fixed_vx1_seed0,fixed_vx_1p0,realistic_random,a5,0.25,7,right_back_foot,0.628233839495846,1.5128519535064708,,,5832,0.997770919,0.00222908093
papers/conference/results/t17_multijoint_closed_loop_eval_a2h_a5_alpha_sweep_fixed_vx1_seed0,fixed_vx_1p0,realistic_random,a5,0.5,0,front_left_leg,0.165121028374506,0.3658614873886109,,,8305,0.997350993,0.00264900662
papers/conference/results/t17_multijoint_closed_loop_eval_a2h_a5_alpha_sweep_fixed_vx1_seed0,fixed_vx_1p0,realistic_random,a5,0.5,1,front_right_leg,0.16610474944362963,0.329939591884613,,,6722,0.997470991,0.00252900922
papers/conference/results/t17_multijoint_closed_loop_eval_a2h_a5_alpha_sweep_fixed_vx1_seed0,fixed_vx_1p0,realistic_random,a5,0.5,2,left_back_leg,0.33147574934205204,0.7881647944450378,,,9610,0.999063476,0.000936524454
papers/conference/results/t17_multijoint_closed_loop_eval_a2h_a5_alpha_sweep_fixed_vx1_seed0,fixed_vx_1p0,realistic_random,a5,0.5,3,right_back_leg,0.41504113436157625,0.9111683368682861,,,8094,0.998270324,0.0017296763
papers/conference/results/t17_multijoint_closed_loop_eval_a2h_a5_alpha_sweep_fixed_vx1_seed0,fixed_vx_1p0,realistic_random,a5,0.5,4,front_left_foot,0.6790262919238235,1.0592133283615113,,,8504,0.998236124,0.00176387582
papers/conference/results/t17_multijoint_closed_loop_eval_a2h_a5_alpha_sweep_fixed_vx1_seed0,fixed_vx_1p0,realistic_random,a5,0.5,5,front_right_foot,0.160545166285341,0.35093661546707156,,,11960,0.998829431,0.00117056856
papers/conference/results/t17_multijoint_closed_loop_eval_a2h_a5_alpha_sweep_fixed_vx1_seed0,fixed_vx_1p0,realistic_random,a5,0.5,6,left_back_foot,0.3076425067846562,0.9979409039020538,,,11278,0.999113318,0.000886682036
papers/conference/results/t17_multijoint_closed_loop_eval_a2h_a5_alpha_sweep_fixed_vx1_seed0,fixed_vx_1p0,realistic_random,a5,0.5,7,right_back_foot,0.7310619554831461,2.6742282867431664,,,6270,0.997926635,0.00207336523
papers/conference/results/t17_multijoint_closed_loop_eval_a2h_a5_alpha_sweep_fixed_vx1_seed0,fixed_vx_1p0,realistic_random,a5,1,0,front_left_leg,0.09827125328626683,0.1979708731174469,,,8284,0.997585707,0.00241429261
papers/conference/results/t17_multijoint_closed_loop_eval_a2h_a5_alpha_sweep_fixed_vx1_seed0,fixed_vx_1p0,realistic_random,a5,1,1,front_right_leg,0.17246442519762997,0.3850582838058473,,,6257,0.998082148,0.00191785201
papers/conference/results/t17_multijoint_closed_loop_eval_a2h_a5_alpha_sweep_fixed_vx1_seed0,fixed_vx_1p0,realistic_random,a5,1,2,left_back_leg,0.17489405516212994,0.3826946377754218,,,9948,0.998190591,0.00180940893
papers/conference/results/t17_multijoint_closed_loop_eval_a2h_a5_alpha_sweep_fixed_vx1_seed0,fixed_vx_1p0,realistic_random,a5,1,3,right_back_leg,0.17401027773808164,0.3640923261642456,,,8085,0.998392084,0.00160791589
papers/conference/results/t17_multijoint_closed_loop_eval_a2h_a5_alpha_sweep_fixed_vx1_seed0,fixed_vx_1p0,realistic_random,a5,1,4,front_left_foot,0.6026589130899546,1.0216047048568724,,,9312,0.99871134,0.00128865979
papers/conference/results/t17_multijoint_closed_loop_eval_a2h_a5_alpha_sweep_fixed_vx1_seed0,fixed_vx_1p0,realistic_random,a5,1,5,front_right_foot,0.3372753097848945,0.7804044008255009,,,11695,0.99897392,0.00102607952
papers/conference/results/t17_multijoint_closed_loop_eval_a2h_a5_alpha_sweep_fixed_vx1_seed0,fixed_vx_1p0,realistic_random,a5,1,6,left_back_foot,0.3002576213153259,0.5496149182319642,,,11380,0.999121265,0.000878734622
papers/conference/results/t17_multijoint_closed_loop_eval_a2h_a5_alpha_sweep_fixed_vx1_seed0,fixed_vx_1p0,realistic_random,a5,1,7,right_back_foot,0.5306179657636825,1.9916868209838874,,,5873,0.997275668,0.00272433169
